{"cameraMode":{"drawMode":0,"name":"Shaded","section":"Shading Mode"},"sceneLighting":true,"audioPlay":false,"sceneViewState":{"m_AlwaysRefresh":false,"showFog":true,"showSkybox":true,"showFlares":true,"showImageEffects":true,"showParticleSystems":true,"showVisualEffectGraphs":true,"m_FxEnabled":true},"in2DMode":false,"pivot":{"x":57.59602355957031,"y":0.3504495620727539,"z":48.025238037109378},"rotation":{"x":0.034683503210544589,"y":0.9228410124778748,"z":-0.08454783260822296,"w":0.3744477927684784},"size":0.6812885403633118,"orthographic":false}