{"cameraMode":{"drawMode":0,"name":"Shaded","section":"Shading Mode"},"sceneLighting":false,"audioPlay":false,"sceneViewState":{"m_AlwaysRefresh":false,"showFog":true,"showSkybox":false,"showFlares":true,"showImageEffects":true,"showParticleSystems":true,"showVisualEffectGraphs":true,"m_FxEnabled":true},"in2DMode":false,"pivot":{"x":374.9245910644531,"y":0.4586334228515625,"z":1221.932373046875},"rotation":{"x":-0.0010083657689392567,"y":-0.9948006272315979,"z":0.10182449966669083,"w":-0.00922248512506485},"size":572.8976440429688,"orthographic":false}