{"cameraMode":{"drawMode":0,"name":"Shaded","section":"Shading Mode"},"sceneLighting":false,"audioPlay":false,"sceneViewState":{"m_AlwaysRefresh":false,"showFog":true,"showSkybox":false,"showFlares":true,"showImageEffects":true,"showParticleSystems":true,"showVisualEffectGraphs":true,"m_FxEnabled":true},"in2DMode":false,"pivot":{"x":1.6563305854797364,"y":16.32525062561035,"z":19.407468795776368},"rotation":{"x":-0.11861898005008698,"y":-0.8552615642547607,"z":0.22429361939430238,"w":-0.45207276940345766},"size":12.505270004272461,"orthographic":false}