{"cameraMode":{"drawMode":0,"name":"Shaded","section":"Shading Mode"},"sceneLighting":false,"audioPlay":false,"sceneViewState":{"m_AlwaysRefresh":false,"showFog":true,"showSkybox":false,"showFlares":true,"showImageEffects":true,"showParticleSystems":true,"showVisualEffectGraphs":true,"m_FxEnabled":true},"in2DMode":false,"pivot":{"x":374.6705322265625,"y":1.5624008178710938,"z":349.70465087890627},"rotation":{"x":0.020330045372247697,"y":-0.9758432507514954,"z":0.19122694432735444,"w":0.10406041145324707},"size":0.8660253882408142,"orthographic":false}