{"cameraMode":{"drawMode":0,"name":"Shaded","section":"Shading Mode"},"sceneLighting":false,"audioPlay":false,"sceneViewState":{"m_AlwaysRefresh":false,"showFog":true,"showSkybox":false,"showFlares":true,"showImageEffects":true,"showParticleSystems":true,"showVisualEffectGraphs":true,"m_FxEnabled":true},"in2DMode":false,"pivot":{"x":1.978334903717041,"y":0.9346724152565002,"z":-2.1796703338623049},"rotation":{"x":0.0002964763843920082,"y":0.9691923260688782,"z":-0.24644611775875092,"w":0.0008215769194066525},"size":3.6737539768218996,"orthographic":true}