{"cameraMode":{"drawMode":0,"name":"Shaded","section":"Shading Mode"},"sceneLighting":false,"audioPlay":false,"sceneViewState":{"m_AlwaysRefresh":false,"showFog":true,"showSkybox":false,"showFlares":true,"showImageEffects":true,"showParticleSystems":true,"showVisualEffectGraphs":true,"m_FxEnabled":true},"in2DMode":false,"pivot":{"x":-0.3718714118003845,"y":-0.9543631672859192,"z":0.10281594097614289},"rotation":{"x":0.363084077835083,"y":-0.04406612366437912,"z":0.01739099994301796,"w":0.9306129217147827},"size":2.3951828479766847,"orthographic":false}