{"cameraMode":{"drawMode":0,"name":"Shaded","section":"Shading Mode"},"sceneLighting":false,"audioPlay":false,"sceneViewState":{"m_AlwaysRefresh":false,"showFog":true,"showSkybox":false,"showFlares":true,"showImageEffects":true,"showParticleSystems":true,"showVisualEffectGraphs":true,"m_FxEnabled":true},"in2DMode":false,"pivot":{"x":374.6705322265625,"y":1.5624008178710938,"z":349.70465087890627},"rotation":{"x":0.045023929327726367,"y":0.9429294466972351,"z":-0.29787856340408327,"w":0.14217408001422883},"size":3.7805025577545168,"orthographic":false}